day,dt,hours,closest_int,FI,Ts,ku,kf,SP,a,Ls,S,Sr,Rf,dz0_imp,imp_1_vs_exp_0,dz0_sum,dh0,dh0_sum,dhs,dhs_sum,dh,h,dz,z,idx,gradT_p,flux,Cq,root_1,root_2,pos_flux,neg_flux,wat_flux,seg_flux,xps
0,nan,0,nan,0,nan,nan,nan,nan,nan,nan,nan,nan,nan,nan,nan,0,0,0,0,0,0,0,0,0,nan,nan,nan,nan,nan,nan,nan,nan,nan,nan,nan
1,24,24,0.55,0,7,0.75,0.71,0,0,1412,1,4,0,-inf,0,0.01,0,0,0,0,0,0,-inf,0,0,1.90122,1.42591,0,-inf,nan,1.42591,0,-inf,0,0
2,24,48,0.55,0,7.5,0.75,0.71,0,0,1412,1,4,0.0140845,-9.07523,0,0.01,0,0,0,0,0,0,-9.07523,0,0,1.90122,1.42591,0,-9.07523,nan,1.42591,1.17612,-533.926,0,0
3,24,72,0.55,0,6.3,0.75,0.71,0,0,1412,1,4,0.0140845,-7.62707,0,0.01,0,0,0,0,0,0,-7.62707,0,0,1.90122,1.42591,0,-7.62707,nan,1.42591,1.17601,-448.726,0,0
4,24,96,0.55,0,5.4,0.75,0.71,0,0,1412,1,4,0.0140845,-6.54095,0,0.01,0,0,0,0,0,0,-6.54095,0,0,1.90122,1.42591,0,-6.54095,nan,1.42591,1.1759,-384.826,0,0
5,24,120,0.55,0,4.4,0.75,0.71,0,0,1412,1,4,0.0140845,-5.33415,0,0.01,0,0,0,0,0,0,-5.33415,0,0,1.90122,1.42591,0,-5.33415,nan,1.42591,1.17573,-313.826,0,0
6,24,144,0.55,0,4.3,0.75,0.71,0,0,1412,1,4,0.0140845,-5.21347,0,0.01,0,0,0,0,0,0,-5.21347,0,0,1.90122,1.42591,0,-5.21347,nan,1.42591,1.17571,-306.726,0,0
7,24,168,0.55,0,0.2,0.75,0.71,0,0,1412,1,4,0.0140845,-0.265596,0,0.01,0,0,0,0,0,0,-0.265596,0,0,1.90122,1.42591,0,-0.265596,nan,1.42591,1.15637,-15.6259,0,0
8,24,192,0.55,0,2.2,0.75,0.71,0,0,1412,1,4,0.0140845,-2.67919,0,0.01,0,0,0,0,0,0,-2.67919,0,0,1.90122,1.42591,0,-2.67919,nan,1.42591,1.17479,-157.626,0,0
9,24,216,0.55,0,0.4,0.75,0.71,0,0,1412,1,4,0.0140845,-0.506956,0,0.01,0,0,0,0,0,0,-0.506956,0,0,1.90122,1.42591,0,-0.506956,nan,1.42591,1.16643,-29.8259,0,0
10,24,240,0.55,0,2.1,0.75,0.71,0,0,1412,1,4,0.0140845,-2.55851,0,0.01,0,0,0,0,0,0,-2.55851,0,0,1.90122,1.42591,0,-2.55851,nan,1.42591,1.1747,-150.526,0,0
11,24,264,0.55,0,1.1,0.75,0.71,0,0,1412,1,4,0.0140845,-1.35172,0,0.01,0,0,0,0,0,0,-1.35172,0,0,1.90122,1.42591,0,-1.35172,nan,1.42591,1.17292,-79.5259,0,0
12,24,288,0.55,0,1.5,0.75,0.71,0,0,1412,1,4,0.0140845,-1.83443,0,0.01,0,0,0,0,0,0,-1.83443,0,0,1.90122,1.42591,0,-1.83443,nan,1.42591,1.17392,-107.926,0,0
13,24,312,0.55,0,2.7,0.75,0.71,0,0,1412,1,4,0.0140845,-3.28259,0,0.01,0,0,0,0,0,0,-3.28259,0,0,1.90122,1.42591,0,-3.28259,nan,1.42591,1.17514,-193.126,0,0
14,24,336,0.55,0,3.4,0.75,0.71,0,0,1412,1,4,0.0140845,-4.12735,0,0.01,0,0,0,0,0,0,-4.12735,0,0,1.90122,1.42591,0,-4.12735,nan,1.42591,1.17545,-242.826,0,0
15,24,360,0.55,0,2,0.75,0.71,0,0,1412,1,4,0.0140845,-2.43783,0,0.01,0,0,0,0,0,0,-2.43783,0,0,1.90122,1.42591,0,-2.43783,nan,1.42591,1.1746,-143.426,0,0
16,24,384,0.55,0,3.9,0.75,0.71,0,0,1412,1,4,0.0140845,-4.73075,0,0.01,0,0,0,0,0,0,-4.73075,0,0,1.90122,1.42591,0,-4.73075,nan,1.42591,1.17561,-278.326,0,0
17,24,408,0.55,2.4,-0.1,0.75,0.71,0,0,1412,1,4,0.0140845,0.0270558,1,0.0370558,0,0,0,0,0,0,0.0270558,0.0270558,0,1.90122,1.42591,0,0.0270558,-0.0712923,1.42591,3.0177,1.59178,0,0
18,24,432,0.55,2.4,2.6,0.75,0.71,0,0,1412,1,4,0.0521912,-0.870981,0,0.01,0,0,0,0,0,0,-0.870981,0,0,1.90122,1.42591,0,-0.870981,nan,1.42591,4.63313,-51.2427,0,0
19,24,456,0.55,43.2,-1.7,0.75,0.71,0,0,1412,1,4,0.0140845,0.180454,1,0.190454,0,0,0,0,0,0,0.180454,0.180454,0,1.90122,1.42591,0,0.180454,-0.224691,1.42591,12.0426,10.6167,0,0
20,24,480,0.55,50.4,-0.3,0.75,0.71,0,0,1412,1,4,0.268246,-0.00497565,1,0.185479,0,0,0,0,0,0,-0.00497565,0.175479,0,1.90122,1.42591,0,-0.00497565,-0.40017,1.42591,1.13318,-0.292734,0,0
21,24,504,0.55,50.4,1.9,0.75,0.71,0,0,1412,1,4,0.261238,-0.147858,0,0.0376205,0,0,0,0,0,0,-0.147858,0.0276205,0,1.90122,1.42591,0,-0.147858,nan,1.42591,-12.0933,-8.69899,-0,0
22,24,528,0.55,50.4,0.2,0.75,0.71,0,0,1412,1,4,0.0529867,-0.0883929,0,0.01,0,0,0,0,0,0,-0.0883929,0,0,1.90122,1.42591,0,-0.0883929,nan,1.42591,21.5939,-5.20045,0,0
23,24,552,0.55,50.4,0.3,0.75,0.71,0,0,1412,1,4,0.0140845,-0.386276,0,0.01,0,0,0,0,0,0,-0.386276,0,0,1.90122,1.42591,0,-0.386276,nan,1.42591,1.16306,-22.7259,0,0
24,24,576,0.55,50.4,0,0.75,0.71,0,0,1412,1,4,0.0140845,-0.02,1,0.01,0,0,0,0,0,0,-0.02,0,0,1.90122,1.42591,0,-0.02,-0.0242365,1.42591,-0,-1.17667,-0,0
25,24,600,0.55,50.4,0.4,0.75,0.71,0,0,1412,1,4,0.0140845,-0.506956,0,0.01,0,0,0,0,0,0,-0.506956,0,0,1.90122,1.42591,0,-0.506956,nan,1.42591,1.16643,-29.8259,0,0
26,24,624,0.55,50.4,0.5,0.75,0.71,0,0,1412,1,4,0.0140845,-0.627636,0,0.01,0,0,0,0,0,0,-0.627636,0,0,1.90122,1.42591,0,-0.627636,nan,1.42591,1.16846,-36.9259,0,0
27,24,648,0.55,50.4,2.5,0.75,0.71,0,0,1412,1,4,0.0140845,-3.04123,0,0.01,0,0,0,0,0,0,-3.04123,0,0,1.90122,1.42591,0,-3.04123,nan,1.42591,1.17502,-178.926,0,0
28,24,672,0.55,50.4,1.2,0.75,0.71,0,0,1412,1,4,0.0140845,-1.4724,0,0.01,0,0,0,0,0,0,-1.4724,0,0,1.90122,1.42591,0,-1.4724,nan,1.42591,1.17323,-86.6259,0,0
29,24,696,0.55,84,-1.4,0.75,0.71,0,0,1412,1,4,0.0140845,0.161716,1,0.171716,0,0,0,0,0,0,0.161716,0.161716,0,1.90122,1.42591,0,0.161716,-0.205952,1.42591,10.9402,9.51426,0,0
30,24,720,0.55,129.6,-1.9,0.75,0.71,0,0,1412,1,4,0.241853,0.0832423,1,0.254958,0,0,0,0,0,0,0.0832423,0.244958,0,1.90122,1.42591,0,0.0832423,-0.45091,1.42591,6.32334,4.89742,0,0
31,24,744,0.55,129.6,2.6,0.75,0.71,0,0,1412,1,4,0.359096,-0.147303,0,0.107655,0,0,0,0,0,0,-0.147303,0.0976548,0,1.90122,1.42591,0,-0.147303,nan,1.42591,-10.1817,-8.66633,-0,0
32,24,768,0.55,129.6,1.3,0.75,0.71,0,0,1412,1,4,0.151627,-0.169965,0,0.01,0,0,0,0,0,0,-0.169965,0,0,1.90122,1.42591,0,-0.169965,nan,1.42591,-40.7105,-9.99961,-0,0
33,24,792,0.55,132,-0.1,0.75,0.71,0,0,1412,1,4,0.0140845,0.0270558,1,0.0370558,0,0,0,0,0,0,0.0270558,0.0270558,0,1.90122,1.42591,0,0.0270558,-0.0712923,1.42591,3.0177,1.59178,0,0
34,24,816,0.55,249.6,-4.9,0.75,0.71,0,0,1412,1,4,0.0521912,0.295628,1,0.332683,0,0,0,0,0,0,0.295628,0.322683,0,1.90122,1.42591,0,0.295628,-0.393976,1.42591,18.8187,17.3928,0,0
35,24,840,0.55,309.6,-2.5,0.75,0.71,0,0,1412,1,4,0.468568,0.0590572,1,0.391741,0,0,0,0,0,0,0.0590572,0.381741,0,1.90122,1.42591,0,0.0590572,-0.74866,1.42591,4.90045,3.47453,0,0
36,24,864,0.55,331.2,-0.9,0.75,0.71,0,0,1412,1,4,0.551747,0.0033702,1,0.395111,0,0,0,0,0,0,0.0033702,0.385111,0,1.90122,1.42591,0,0.0033702,-0.811088,1.42591,1.62419,0.19828,0,0
37,24,888,0.55,427.2,-4,0.75,0.71,0,0,1412,1,4,0.556494,0.0859516,1,0.481062,0,0,0,0,0,0,0.0859516,0.471062,0,1.90122,1.42591,0,0.0859516,-0.90041,1.42591,6.48274,5.05682,0,0
37.6747,16.1934,904.193,0.55,514.645,-5.4,0.75,0.71,0,0,1412,1,4,0.677553,0.0689376,1,0.55,0,0,0,0,0,0,0.0689376,0.54,0,1.90122,1.42591,0,0.0986326,-1.08499,1.42591,7.43699,6.01107,0,0
38,7.80657,912,1.25,556.8,-5.4,0.72,0.67,0,0,3644,1,11,0.774648,0.011833,1,0.561833,0,0,0,0,0,0,0.011833,0.551833,1,1.90122,1.36888,0,0.011833,-1.05279,1.36888,6.89234,5.52346,0,0
39,24,936,1.25,604.8,-2,0.72,0.67,0,0,3644,1,11,0.792309,0.00749308,1,0.569326,0,0,0,0,0,0,0.00749308,0.559326,1,1.90122,1.36888,0,0.00749308,-1.0782,1.36888,2.50658,1.1377,0,0
40,24,960,1.25,604.8,2.3,0.72,0.67,0,0,3644,1,11,0.803493,-0.028379,1,0.540947,0,0,0,0,0,0,-0.028379,0.530947,1,1.90122,1.36888,0,-0.028379,-1.05732,1.36888,-2.93999,-4.30887,-0,0
40.0908,2.18018,962.18,0.55,617.009,-5.6,0.75,0.71,0,0,1412,1,4,0.761897,0.00905292,1,0.55,0,0,0,0,0,0,0.00905292,0.54,0,1.90122,1.42591,0,0.091001,-1.19713,1.42591,7.28908,5.86316,0,0
41,21.8198,984,1.25,739.2,-5.6,0.72,0.67,0,0,3644,1,11,0.774648,0.033728,1,0.583728,0,0,0,0,0,0,0.033728,0.573728,1,1.90122,1.36888,0,0.033728,-1.07995,1.36888,7.00159,5.63271,0,0
42,24,1008,1.25,1032,-12.2,0.72,0.67,0,0,3644,1,11,0.824988,0.08168,1,0.665408,0,0,0,0,0,0,0.08168,0.655408,1,1.90122,1.36888,0,0.08168,-1.19618,1.36888,13.7706,12.4018,0,0
43,24,1032,1.25,1096.8,-2.7,0.72,0.67,0,0,3644,1,11,0.946899,0.00962288,1,0.675031,0,0,0,0,0,0,0.00962288,0.665031,1,1.90122,1.36888,0,0.00962288,-1.28748,1.36888,2.82995,1.46107,0,0
44,24,1056,1.25,1168.8,-3,0.72,0.67,0,0,3644,1,11,0.961261,0.0113594,1,0.68639,0,0,0,0,0,0,0.0113594,0.67639,1,1.90122,1.36888,0,0.0113594,-1.30847,1.36888,3.09362,1.72474,0,0
45,24,1080,1.25,1394.4,-9.4,0.72,0.67,0,0,3644,1,11,0.978216,0.0518642,1,0.738255,0,0,0,0,0,0,0.0518642,0.728255,1,1.90122,1.36888,0,0.0518642,-1.37169,1.36888,9.2436,7.87472,0,0
46,24,1104,1.25,1492.8,-4.1,0.72,0.67,0,0,3644,1,11,1.05562,0.0162738,1,0.754528,0,0,0,0,0,0,0.0162738,0.744528,1,1.90122,1.36888,0,0.0162738,-1.43983,1.36888,3.83978,2.4709,0,0
47,24,1128,1.25,1550.4,-2.4,0.72,0.67,0,0,3644,1,11,1.07991,0.00556536,1,0.760094,0,0,0,0,0,0,0.00556536,0.750094,1,1.90122,1.36888,0,0.00556536,-1.46167,1.36888,2.21388,0.845007,0,0
48,24,1152,1.25,1670.4,-5,0.72,0.67,0,0,3644,1,11,1.08822,0.0208196,1,0.780913,0,0,0,0,0,0,0.0208196,0.770913,1,1.90122,1.36888,0,0.0208196,-1.48805,1.36888,4.52998,3.1611,0,0
49,24,1176,1.25,2004,-13.9,0.72,0.67,0,0,3644,1,11,1.11929,0.0691692,1,0.850082,0,0,0,0,0,0,0.0691692,0.840082,1,1.90122,1.36888,0,0.0691692,-1.57804,1.36888,11.8711,10.5022,0,0
50,24,1200,1.25,2224.8,-9.2,0.72,0.67,0,0,3644,1,11,1.22253,0.0393841,1,0.889467,0,0,0,0,0,0,0.0393841,0.879467,1,1.90122,1.36888,0,0.0393841,-1.68659,1.36888,7.34869,5.97981,0,0
51,24,1224,1.25,2592,-15.3,0.72,0.67,0,0,3644,1,11,1.28131,0.0666885,1,0.956155,0,0,0,0,0,0,0.0666885,0.946155,1,1.90122,1.36888,0,0.0666885,-1.79267,1.36888,11.4944,10.1255,0,0
52,24,1248,1.25,3055.2,-19.3,0.72,0.67,0,0,3644,1,11,1.38085,0.0792575,1,1.03541,0,0,0,0,0,0,0.0792575,1.02541,1,1.90122,1.36888,0,0.0792575,-1.93861,1.36888,13.4028,12.0339,0,0
53,24,1272,1.25,3273.6,-9.1,0.72,0.67,0,0,3644,1,11,1.49914,0.0303679,1,1.06578,0,0,0,0,0,0,0.0303679,1.05578,1,1.90122,1.36888,0,0.0303679,-2.04824,1.36888,5.97973,4.61086,0,0
54,24,1296,1.25,3273.6,2.4,0.72,0.67,0,0,3644,1,11,1.54447,-0.0193467,1,1.04643,0,0,0,0,0,0,-0.0193467,1.03643,1,1.90122,1.36888,0,-0.0193467,-2.05926,1.36888,-1.5686,-2.93747,-0,0
55,24,1320,1.25,3295.2,-0.9,0.72,0.67,0,0,3644,1,11,1.51559,-0.00509478,1,1.04134,0,0,0,0,0,0,-0.00509478,1.03134,1,1.90122,1.36888,0,-0.00509478,-2.03482,1.36888,0.59532,-0.773558,0,0
56,24,1344,1.25,3372,-3.2,0.72,0.67,0,0,3644,1,11,1.50799,0.0049264,1,1.04627,0,0,0,0,0,0,0.0049264,1.03627,1,1.90122,1.36888,0,0.0049264,-2.03465,1.36888,2.11687,0.747992,0,0
57,24,1368,1.25,3511.2,-5.8,0.72,0.67,0,0,3644,1,11,1.51534,0.015996,1,1.06226,0,0,0,0,0,0,0.015996,1.05226,1,1.90122,1.36888,0,0.015996,-2.05557,1.36888,3.7976,2.42872,0,0
58,24,1392,1.25,3876,-15.2,0.72,0.67,0,0,3644,1,11,1.53922,0.0543538,1,1.11662,0,0,0,0,0,0,0.0543538,1.10662,1,1.90122,1.36888,0,0.0543538,-2.12592,1.36888,9.6216,8.25272,0,0
59,24,1416,1.25,4284,-17,0.72,0.67,0,0,3644,1,11,1.62034,0.0582777,1,1.17489,0,0,0,0,0,0,0.0582777,1.16489,1,1.90122,1.36888,0,0.0582777,-2.23855,1.36888,10.2174,8.84849,0,0
60,24,1440,1.25,4783.2,-20.8,0.72,0.67,0,0,3644,1,11,1.70732,0.0688773,1,1.24377,0,0,0,0,0,0,0.0688773,1.23377,1,1.90122,1.36888,0,0.0688773,-2.36571,1.36888,11.8268,10.4579,0,0
60.1417,3.4004,1443.4,1.25,4832.85,-14.6,0.72,0.67,0,0,3644,1,11,1.81013,0.0062299,1,1.25,0,0,0,0,0,0,0.0062299,1.24,1,1.90122,1.36888,0,0.0431776,-2.47776,1.36888,8.04508,6.6762,0,0
61,20.5996,1464,2.05,5133.6,-14.6,0.85,0.77,0,0,3293,1,10,1.81942,0.0393927,1,1.28939,0,0,0,0,0,0,0.0393927,1.27939,2,1.90122,1.61604,0,0.0393927,-2.85141,1.61604,7.91326,6.29723,0,0
62,24,1488,2.05,5412,-11.6,0.85,0.77,0,0,3293,0.94,10,1.87058,0.0336036,1,1.323,0,0,0,0,0,0,0.0336036,1.313,2,1.90122,1.51907,0,0.0336036,-2.92537,1.51907,6.12977,4.6107,0,0
63,24,1512,2.05,5500.8,-3.7,0.85,0.77,0,0,3293,0.94,10,1.91422,0.00300169,1,1.326,0,0,0,0,0,0,0.00300169,1.316,2,1.90122,1.51907,0,0.00300169,-2.96198,1.51907,1.93093,0.411857,0,0
64,24,1536,2.05,5570.4,-2.9,0.85,0.77,0,0,3293,0.94,10,1.91812,-5.21309e-05,1,1.32595,0,0,0,0,0,0,-5.21309e-05,1.31595,2,1.90122,1.51907,0,-5.21309e-05,-2.96493,1.51907,1.51192,-0.0071528,0,0
65,24,1560,2.05,5664,-3.9,0.85,0.77,0,0,3293,0.94,10,1.91806,0.00372916,1,1.32968,0,0,0,0,0,0,0.00372916,1.31968,2,1.90122,1.51907,0,0.00372916,-2.96861,1.51907,2.03075,0.511672,0,0
66,24,1584,2.05,5769.6,-4.4,0.85,0.77,0,0,3293,0.94,10,1.9229,0.00557429,1,1.33525,0,0,0,0,0,0,0.00557429,1.32525,2,1.90122,1.51907,0,0.00557429,-2.97791,1.51907,2.28391,0.764839,0,0
67,24,1608,2.05,5973.6,-8.5,0.85,0.77,0,0,3293,0.94,10,1.93014,0.0208016,1,1.35605,0,0,0,0,0,0,0.0208016,1.34605,2,1.90122,1.51907,0,0.0208016,-3.00428,1.51907,4.37323,2.85415,0,0
68,24,1632,2.05,5973.6,0.6,0.85,0.77,0,0,3293,0.94,10,1.95715,-0.0133155,1,1.34274,0,0,0,0,0,0,-0.0133155,1.33274,2,1.90122,1.51907,0,-0.0133155,-3.01177,1.51907,-0.307928,-1.827,-0,0
69,24,1656,2.05,6033.6,-2.5,0.85,0.77,0,0,3293,0.94,10,1.93986,-0.00167336,1,1.34106,0,0,0,0,0,0,-0.00167336,1.33106,2,1.90122,1.51907,0,-0.00167336,-2.99678,1.51907,1.28948,-0.229599,0,0
70,24,1680,2.05,6160.8,-5.3,0.85,0.77,0,0,3293,0.94,10,1.93769,0.00880485,1,1.34987,0,0,0,0,0,0,0.00880485,1.33987,2,1.90122,1.51907,0,0.00880485,-3.00391,1.51907,2.72717,1.2081,0,0
71,24,1704,2.05,6739.2,-24.1,0.85,0.77,0,0,3293,0.94,10,1.94912,0.0767958,1,1.42666,0,0,0,0,0,0,0.0767958,1.41666,2,1.90122,1.51907,0,0.0767958,-3.08951,1.51907,12.0561,10.537,0,0
72,24,1728,2.05,7032,-12.2,0.85,0.77,0,0,3293,0.94,10,2.04886,0.0318923,1,1.45855,0,0,0,0,0,0,0.0318923,1.44855,2,1.90122,1.51907,0,0.0318923,-3.1982,1.51907,5.89496,4.37588,0,0
73,24,1752,2.05,7399.2,-15.3,0.85,0.77,0,0,3293,0.94,10,2.09027,0.0415949,1,1.50015,0,0,0,0,0,0,0.0415949,1.49015,2,1.90122,1.51907,0,0.0415949,-3.27169,1.51907,7.22624,5.70716,0,0
74,24,1776,2.05,7790.4,-16.3,0.85,0.77,0,0,3293,0.94,10,2.14429,0.0436083,1,1.54376,0,0,0,0,0,0,0.0436083,1.53376,2,1.90122,1.51907,0,0.0436083,-3.35689,1.51907,7.50249,5.98342,0,0
75,24,1800,2.05,8100,-12.9,0.85,0.77,0,0,3293,0.94,10,2.20093,0.0312556,1,1.57501,0,0,0,0,0,0,0.0312556,1.56501,2,1.90122,1.51907,0,0.0312556,-3.43176,1.51907,5.80761,4.28853,0,0
76,24,1824,2.05,8308.8,-8.7,0.85,0.77,0,0,3293,0.94,10,2.24152,0.0170771,1,1.59209,0,0,0,0,0,0,0.0170771,1.58209,2,1.90122,1.51907,0,0.0170771,-3.48009,1.51907,3.86219,2.34311,0,0
77,24,1848,2.05,8532,-9.3,0.85,0.77,0,0,3293,0.94,10,2.2637,0.0187111,1,1.6108,0,0,0,0,0,0,0.0187111,1.6008,2,1.90122,1.51907,0,0.0187111,-3.51588,1.51907,4.08639,2.56731,0,0
78,24,1872,2.05,8846.4,-13.1,0.85,0.77,0,0,3293,0.94,10,2.288,0.0303016,1,1.6411,0,0,0,0,0,0,0.0303016,1.6311,2,1.90122,1.51907,0,0.0303016,-3.56489,1.51907,5.67671,4.15764,0,0
79,24,1896,2.05,9045.6,-8.3,0.85,0.77,0,0,3293,0.94,10,2.32735,0.0148135,1,1.65592,0,0,0,0,0,0,0.0148135,1.64592,2,1.90122,1.51907,0,0.0148135,-3.61,1.51907,3.55161,2.03253,0,0
80,24,1920,2.05,9180,-5.6,0.85,0.77,0,0,3293,0.94,10,2.34659,0.00629131,1,1.66221,0,0,0,0,0,0,0.00629131,1.65221,2,1.90122,1.51907,0,0.00629131,-3.63111,1.51907,2.3823,0.863221,0,0
81,24,1944,2.05,9244.8,-2.7,0.85,0.77,0,0,3293,0.94,10,2.35476,-0.00270832,1,1.6595,0,0,0,0,0,0,-0.00270832,1.6495,2,1.90122,1.51907,0,-0.00270832,-3.63469,1.51907,1.14747,-0.371603,0,0
82,24,1968,2.05,9405.6,-6.7,0.85,0.77,0,0,3293,0.94,10,2.35124,0.00964166,1,1.66914,0,0,0,0,0,0,0.00964166,1.65914,2,1.90122,1.51907,0,0.00964166,-3.64163,1.51907,2.84199,1.32292,0,0
83,24,1992,2.05,9489.6,-3.5,0.85,0.77,0,0,3293,0.94,10,2.36376,-0.00027893,1,1.66886,0,0,0,0,0,0,-0.00027893,1.65886,2,1.90122,1.51907,0,-0.00027893,-3.65099,1.51907,1.4808,-0.0382716,0,0
84,24,2016,2.05,9508.8,-0.8,0.85,0.77,0,0,3293,0.94,10,2.3634,-0.00859844,1,1.66026,0,0,0,0,0,0,-0.00859844,1.65026,2,1.90122,1.51907,0,-0.00859844,-3.64211,1.51907,0.339297,-1.17978,0,0
85,24,2040,2.05,9595.2,-3.6,0.85,0.77,0,0,3293,0.94,10,2.35223,8.27215e-05,1,1.66035,0,0,0,0,0,0,8.27215e-05,1.65035,2,1.90122,1.51907,0,8.27215e-05,-3.6336,1.51907,1.53042,0.0113501,0,0
86,24,2064,2.05,9787.2,-8,0.85,0.77,0,0,3293,0.94,10,2.35234,0.013622,1,1.67397,0,0,0,0,0,0,0.013622,1.66397,2,1.90122,1.51907,0,0.013622,-3.6473,1.51907,3.38813,1.86905,0,0
87,24,2088,2.05,9986.4,-8.3,0.85,0.77,0,0,3293,0.94,10,2.37003,0.0143524,1,1.68832,0,0,0,0,0,0,0.0143524,1.67832,2,1.90122,1.51907,0,0.0143524,-3.67527,1.51907,3.48834,1.96927,0,0
88,24,2112,2.05,10152,-6.9,0.85,0.77,0,0,3293,0.94,10,2.38867,0.00992496,1,1.69825,0,0,0,0,0,0,0.00992496,1.68825,2,1.90122,1.51907,0,0.00992496,-3.69955,1.51907,2.88086,1.36179,0,0
89,24,2136,2.05,10281.6,-5.4,0.85,0.77,0,0,3293,0.94,10,2.40156,0.00529304,1,1.70354,0,0,0,0,0,0,0.00529304,1.69354,2,1.90122,1.51907,0,0.00529304,-3.71477,1.51907,2.24532,0.726249,0,0
90,24,2160,2.05,10449.6,-7,0.85,0.77,0,0,3293,0.94,10,2.40844,0.0100542,1,1.71359,0,0,0,0,0,0,0.0100542,1.70359,2,1.90122,1.51907,0,0.0100542,-3.73012,1.51907,2.89859,1.37952,0,0
91,24,2184,2.05,10845.6,-16.5,0.85,0.77,0,0,3293,0.94,10,2.42149,0.0380881,1,1.75168,0,0,0,0,0,0,0.0380881,1.74168,2,1.90122,1.51907,0,0.0380881,-3.77826,1.51907,6.74508,5.22601,0,0
92,24,2208,2.05,11236.8,-16.3,0.85,0.77,0,0,3293,0.94,10,2.47096,0.0365488,1,1.78823,0,0,0,0,0,0,0.0365488,1.77823,2,1.90122,1.51907,0,0.0365488,-3.8529,1.51907,6.53387,5.0148,0,0
93,24,2232,2.05,11287.2,-2.1,0.85,0.77,0,0,3293,0.88,10,2.51842,-0.00428062,1,1.78395,0,0,0,0,0,0,-0.00428062,1.77395,2,1.90122,1.42211,0,-0.00428062,-3.88446,1.42211,0.834776,-0.587336,0,0
94,24,2256,2.05,11428.8,-5.9,0.85,0.77,0,0,3293,0.88,10,2.51287,0.00671779,1,1.79067,0,0,0,0,0,0,0.00671779,1.78067,2,1.90122,1.42211,0,0.00671779,-3.8869,1.42211,2.34385,0.921736,0,0
95,24,2280,2.05,11688,-10.8,0.85,0.77,0,0,3293,0.88,10,2.52159,0.0206854,1,1.81135,0,0,0,0,0,0,0.0206854,1.80135,2,1.90122,1.42211,0,0.0206854,-3.9143,1.42211,4.26032,2.83821,0,0
96,24,2304,2.05,11824.8,-5.7,0.85,0.77,0,0,3293,0.88,10,2.54845,0.00591199,1,1.81727,0,0,0,0,0,0,0.00591199,1.80727,2,1.90122,1.42211,0,0.00591199,-3.9409,1.42211,2.23329,0.811174,0,0
97,24,2328,2.05,12043.2,-9.1,0.85,0.77,0,0,3293,0.88,10,2.55613,0.0154802,1,1.83275,0,0,0,0,0,0,0.0154802,1.82275,2,1.90122,1.42211,0,0.0154802,-3.96229,1.42211,3.54612,2.12401,0,0
98,24,2352,2.05,12230.4,-7.8,0.85,0.77,0,0,3293,0.88,10,2.57624,0.0116371,1,1.84438,0,0,0,0,0,0,0.0116371,1.83438,2,1.90122,1.42211,0,0.0116371,-3.98941,1.42211,3.01882,1.59671,0,0
99,24,2376,2.05,12384,-6.4,0.85,0.77,0,0,3293,0.88,10,2.59135,0.0076012,1,1.85198,0,0,0,0,0,0,0.0076012,1.84198,2,1.90122,1.42211,0,0.0076012,-4.00864,1.42211,2.46506,1.04295,0,0
100,24,2400,2.05,12511.2,-5.3,0.85,0.77,0,0,3293,0.88,10,2.60122,0.00446855,1,1.85645,0,0,0,0,0,0,0.00446855,1.84645,2,1.90122,1.42211,0,0.00446855,-4.02071,1.42211,2.03523,0.613122,0,0
101,24,2424,2.05,12979.2,-19.5,0.85,0.77,0,0,3293,0.88,10,2.60702,0.0435643,1,1.90002,0,0,0,0,0,0,0.0435643,1.89002,2,1.90122,1.42211,0,0.0435643,-4.06875,1.42211,7.3995,5.97739,0,0
102,24,2448,2.05,13557.6,-24.1,0.85,0.77,0,0,3293,0.88,10,2.6636,0.0547102,1,1.95473,0,0,0,0,0,0,0.0547102,1.94473,2,1.90122,1.42211,0,0.0547102,-4.16702,1.42211,8.92881,7.5067,0,0
103,24,2472,2.05,13701.6,-6,0.85,0.77,0,0,3293,0.88,10,2.73465,0.00560486,1,1.96033,0,0,0,0,0,0,0.00560486,1.95033,2,1.90122,1.42211,0,0.00560486,-4.22734,1.42211,2.19115,0.769034,0,0
104,24,2496,2.05,13900.8,-8.3,0.85,0.77,0,0,3293,0.88,10,2.74193,0.0116365,1,1.97197,0,0,0,0,0,0,0.0116365,1.96197,2,1.90122,1.42211,0,0.0116365,-4.24458,1.42211,3.01874,1.59663,0,0
105,24,2520,2.05,14287.2,-16.1,0.85,0.77,0,0,3293,0.88,10,2.75704,0.0318782,1,2.00385,0,0,0,0,0,0,0.0318782,1.99385,2,1.90122,1.42211,0,0.0318782,-4.28809,1.42211,5.79607,4.37396,0,0
106,24,2544,2.05,14596.8,-12.9,0.85,0.77,0,0,3293,0.88,10,2.79845,0.023053,1,2.0269,0,0,0,0,0,0,0.023053,2.0169,2,1.90122,1.42211,0,0.023053,-4.34302,1.42211,4.58518,3.16306,0,0
107,24,2568,2.05,14738.4,-5.9,0.85,0.77,0,0,3293,0.88,10,2.82838,0.0048217,1,2.03172,0,0,0,0,0,0,0.0048217,2.02172,2,1.90122,1.42211,0,0.0048217,-4.3709,1.42211,2.08369,0.661578,0,0
108,24,2592,2.05,14839.2,-4.2,0.85,0.77,0,0,3293,0.88,10,2.83465,0.000432971,1,2.03215,0,0,0,0,0,0,0.000432971,2.02215,2,1.90122,1.42211,0,0.000432971,-4.37615,1.42211,1.48152,0.0594073,0,0
109,24,2616,2.05,14952,-4.7,0.85,0.77,0,0,3293,0.88,10,2.83521,0.00171246,1,2.03387,0,0,0,0,0,0,0.00171246,2.02387,2,1.90122,1.42211,0,0.00171246,-4.3783,1.42211,1.65708,0.234964,0,0
110,24,2640,2.05,15177.6,-9.4,0.85,0.77,0,0,3293,0.88,10,2.83743,0.0137046,1,2.04757,0,0,0,0,0,0,0.0137046,2.03757,2,1.90122,1.42211,0,0.0137046,-4.39371,1.42211,3.3025,1.88038,0,0
110.061,1.46132,2641.46,2.05,15206.4,-19.7,0.85,0.77,0,0,3293,0.88,10,2.85523,0.00242904,1,2.05,0,0,0,0,0,0,0.00242904,2.04,2,1.90122,1.42211,0,0.0394737,-4.44689,1.42211,6.89581,5.4737,0,0
111,22.5387,2664,12.05,15650.4,-19.7,1.5,2.14,4.96426,12,38924,0.88,100,2.85839,0.00168084,1,2.05168,6.36568e-05,6.36568e-05,0.000392719,0.000392719,0.000456375,0.000456375,0.00213722,2.04214,3,1.90122,2.50961,0,0.00168084,-12.237,2.50961,6.89106,2.90279,1.47866,0
112,24,2688,12.05,15998.4,-14.5,1.5,2.14,4.96171,12,38924,0.88,100,2.85938,0.000908579,1,2.05259,3.44097e-05,9.80665e-05,0.000307553,0.000700272,0.000341963,0.000798338,0.00125054,2.04339,3,1.90122,2.50961,0,0.000908579,-12.2406,2.50961,5.07066,1.47356,1.08749,0
113,24,2712,12.05,16516.8,-21.6,1.5,2.14,4.96022,12,38924,0.88,100,2.85995,0.00211036,1,2.0547,7.99235e-05,0.00017799,0.000457873,0.00115814,0.000537797,0.00133613,0.00264816,2.04604,3,1.90122,2.50961,0,0.00211036,-12.2443,2.50961,7.55127,3.42265,1.61901,0
114,24,2736,12.05,17176.8,-27.5,1.5,2.14,4.95707,12,38924,0.88,100,2.86118,0.0031079,1,2.05781,0.000117702,0.000295692,0.000582273,0.00174042,0.000699975,0.00203611,0.00380787,2.04984,3,1.90122,2.50961,0,0.0031079,-12.2505,2.50961,9.60898,5.04049,2.05888,0
115,24,2760,12.05,17484,-12.8,1.5,2.14,4.95255,12,38924,0.88,100,2.86295,0.000619076,1,2.05843,2.34456e-05,0.000319138,0.000270662,0.00201108,0.000294107,0.00233022,0.000913183,2.05076,3,1.90122,2.50961,0,0.000619076,-12.2556,2.50961,4.47069,1.00404,0.957042,0
116,24,2784,12.05,17534.4,-2.1,1.5,2.14,4.95146,12,38924,0.88,100,2.86337,-0.00119193,1,2.05723,0,0.000319138,0,0.00201108,0,0.00233022,-0.00119193,2.04957,3,1.90122,2.50961,0,-0.00119193,-12.2556,2.50961,0.733473,-1.93312,0.15698,0
117,24,2808,12.05,17560.8,-1.1,1.5,2.14,4.95288,12,38924,0.88,100,2.86281,-0.00136117,1,2.05587,0,0.000319138,0,0.00201108,0,0.00233022,-0.00136117,2.0482,3,1.90122,2.50961,0,-0.00136117,-12.253,2.50961,0.38428,-2.2076,0.0822685,0
118,24,2832,12.05,17695.2,-5.6,1.5,2.14,4.95449,12,38924,0.88,100,2.86218,-0.000599313,1,2.05527,0,0.000319138,0,0.00201108,0,0.00233022,-0.000599313,2.0476,3,1.90122,2.50961,0,-0.000599313,-12.2511,2.50961,1.95665,-0.971986,0.419025,0
119,24,2856,12.05,17851.2,-6.5,1.5,2.14,4.95521,12,38924,0.88,100,2.8619,-0.000446893,1,2.05483,0,0.000319138,0,0.00201108,0,0.00233022,-0.000446893,2.04716,3,1.90122,2.50961,0,-0.000446893,-12.25,2.50961,2.2713,-0.724786,0.48648,0
120,24,2880,12.05,17976,-5.2,1.5,2.14,4.95574,12,38924,0.88,100,2.86169,-0.000666938,1,2.05416,0,0.000319138,0,0.00201108,0,0.00233022,-0.000666938,2.04649,3,1.90122,2.50961,0,-0.000666938,-12.2489,2.50961,1.81721,-1.08166,0.389261,0
121,24,2904,12.05,18127.2,-6.3,1.5,2.14,4.95653,12,38924,0.88,100,2.86138,-0.000480635,1,2.05368,0,0.000319138,0,0.00201108,0,0.00233022,-0.000480635,2.04601,3,1.90122,2.50961,0,-0.000480635,-12.2478,2.50961,2.20182,-0.77951,0.471725,0
122,24,2928,12.05,18429.6,-12.6,1.5,2.14,4.9571,12,38924,0.88,100,2.86115,0.000586035,1,2.05427,2.21943e-05,0.000341332,0.000266846,0.00227793,0.00028904,0.00261926,0.000875075,2.04689,3,1.90122,2.50961,0,0.000586035,-12.2479,2.50961,4.40361,0.950451,0.94355,0
123,24,2952,12.05,18544.8,-4.8,1.5,2.14,4.95606,12,38924,0.88,100,2.86155,-0.000734637,1,2.05353,0,0.000341332,0,0.00227793,0,0.00261926,-0.000734637,2.04615,3,1.90122,2.50961,0,-0.000734637,-12.2483,2.50961,1.67751,-1.19146,0.35936,0
124,24,2976,12.05,18672,-5.3,1.5,2.14,4.95694,12,38924,0.82,100,2.86121,-0.000544421,1,2.05299,0,0.000341332,0,0.00227793,0,0.00261926,-0.000544421,2.04561,3,1.90122,2.3385,0,-0.000544421,-12.2469,2.3385,1.85244,-0.88296,0.396905,0
125,24,3000,12.05,19200,-22,1.5,2.14,4.95758,12,38924,0.82,100,2.86096,0.00228278,1,2.05527,8.64535e-05,0.000427786,0.000465934,0.00274386,0.000552387,0.00317165,0.00283517,2.04844,3,1.90122,2.3385,0,0.00228278,-12.2486,2.3385,7.6883,3.70229,1.64751,0
126,24,3024,12.05,19756.8,-23.2,1.5,2.14,4.95421,12,38924,0.82,100,2.86227,0.0024848,1,2.05775,9.41045e-05,0.00052189,0.000490781,0.00323464,0.000584885,0.00375653,0.00306969,2.05151,3,1.90122,2.3385,0,0.0024848,-12.2545,2.3385,8.1038,4.02994,1.73537,0
127,24,3048,12.05,20313.6,-23.2,1.5,2.14,4.95056,12,38924,0.82,100,2.8637,0.00248364,1,2.06024,9.40604e-05,0.00061595,0.000490176,0.00372482,0.000584236,0.00434077,0.00306787,2.05458,3,1.90122,2.3385,0,0.00248364,-12.2605,2.3385,8.09978,4.02805,1.73323,0
128,24,3072,12.05,20563.2,-10.4,1.5,2.14,4.94692,12,38924,0.82,100,2.86512,0.000317621,1,2.06056,1.20289e-05,0.000627979,0.000219502,0.00394432,0.000231531,0.0045723,0.000549151,2.05513,3,1.90122,2.3385,0,0.000317621,-12.2645,2.3385,3.62977,0.515128,0.776144,0
129,24,3096,12.05,20776.8,-8.9,1.5,2.14,4.94627,12,38924,0.82,100,2.86537,6.37982e-05,1,2.06062,2.41617e-06,0.000630396,0.000187806,0.00413212,0.000190222,0.00476252,0.00025402,2.05538,3,1.90122,2.3385,0,6.37982e-05,-12.2653,2.3385,3.10604,0.10347,0.664068,0
130,24,3120,12.05,20971.2,-8.1,1.5,2.14,4.94597,12,38924,0.82,100,2.86549,-7.15612e-05,1,2.06055,0,0.000630396,0,0.00413212,0,0.00476252,-7.15612e-05,2.05531,3,1.90122,2.3385,0,-7.15612e-05,-12.2657,2.3385,2.82676,-0.11606,0.604322,0
131,24,3144,12.05,21297.6,-13.6,1.5,2.14,4.94605,12,38924,0.82,100,2.86545,0.000858748,1,2.06141,3.25225e-05,0.000662918,0.000286944,0.00441907,0.000319467,0.00508199,0.00117822,2.05649,3,1.90122,2.3385,0,0.000858748,-12.2664,2.3385,4.74586,1.39275,1.01462,0
132,24,3168,12.05,21379.2,-3.4,1.5,2.14,4.94465,12,38924,0.82,100,2.866,-0.000866712,1,2.06054,0,0.000662918,0,0.00441907,0,0.00508199,-0.000866712,2.05562,3,1.90122,2.3385,0,-0.000866712,-12.267,2.3385,1.18641,-1.40566,0.25357,0
133,24,3192,12.05,21477.6,-4.1,1.5,2.14,4.94568,12,38924,0.82,100,2.86559,-0.000748242,1,2.05979,0,0.000662918,0,0.00441907,0,0.00508199,-0.000748242,2.05487,3,1.90122,2.3385,0,-0.000748242,-12.2654,2.3385,1.43086,-1.21352,0.305879,0
134,24,3216,12.05,21607.2,-5.4,1.5,2.14,4.94657,12,38924,0.82,100,2.86524,-0.000528255,1,2.05926,0,0.000662918,0,0.00441907,0,0.00508199,-0.000528255,2.05435,3,1.90122,2.3385,0,-0.000528255,-12.2642,2.3385,1.88474,-0.856742,0.40298,0
135,24,3240,12.05,21753.6,-6.1,1.5,2.14,4.9472,12,38924,0.82,100,2.865,-0.000409778,1,2.05885,0,0.000662918,0,0.00441907,0,0.00508199,-0.000409778,2.05394,3,1.90122,2.3385,0,-0.000409778,-12.2632,2.3385,2.12922,-0.664592,0.45531,0
136,24,3264,12.05,22039.2,-11.9,1.5,2.14,4.94768,12,38924,0.82,100,2.8648,0.000571491,1,2.05943,2.16435e-05,0.000684562,0.000251222,0.00467029,0.000272865,0.00535485,0.000844356,2.05478,3,1.90122,2.3385,0,0.000571491,-12.2634,2.3385,4.15367,0.926863,0.888304,0
137,24,3288,12.05,22180.8,-5.9,1.5,2.14,4.94668,12,38924,0.82,100,2.86519,-0.000443655,1,2.05898,0,0.000684562,0,0.00467029,0,0.00535485,-0.000443655,2.05434,3,1.90122,2.3385,0,-0.000443655,-12.264,2.3385,2.05927,-0.719535,0.440307,0
138,24,3312,12.05,22284,-4.3,1.5,2.14,4.94721,12,38924,0.82,100,2.86499,-0.000714315,1,2.05827,0,0.000684562,0,0.00467029,0,0.00535485,-0.000714315,2.05362,3,1.90122,2.3385,0,-0.000714315,-12.2629,2.3385,1.50097,-1.1585,0.320966,0
139,24,3336,12.05,22442.4,-6.6,1.5,2.14,4.94806,12,38924,0.82,100,2.86465,-0.000325106,1,2.05794,0,0.000684562,0,0.00467029,0,0.00535485,-0.000325106,2.0533,3,1.90122,2.3385,0,-0.000325106,-12.2618,2.3385,2.304,-0.527267,0.492772,0
140,24,3360,12.05,22677.6,-9.8,1.5,2.14,4.94844,12,38924,0.82,100,2.8645,0.000216344,1,2.05816,8.19337e-06,0.000692755,0.000206948,0.00487724,0.000215142,0.00556999,0.000431485,2.05373,3,1.90122,2.3385,0,0.000216344,-12.2617,2.3385,3.42113,0.350873,0.731755,0
141,24,3384,12.05,22963.2,-11.9,1.5,2.14,4.94793,12,38924,0.82,100,2.8647,0.000571538,1,2.05873,2.16453e-05,0.0007144,0.000251244,0.00512848,0.000272889,0.00584288,0.000844428,2.05457,3,1.90122,2.3385,0,0.000571538,-12.2629,2.3385,4.15382,0.92694,0.888381,0
142,24,3408,12.05,23148,-7.7,1.5,2.14,4.94693,12,38924,0.82,100,2.86509,-0.000139112,1,2.05859,0,0.0007144,0,0.00512848,0,0.00584288,-0.000139112,2.05443,3,1.90122,2.3385,0,-0.000139112,-12.2639,2.3385,2.68756,-0.225616,0.574673,0
143,24,3432,12.05,23376,-9.5,1.5,2.14,4.94709,12,38924,0.82,100,2.86502,0.000165415,1,2.05876,6.26459e-06,0.000720665,0.000200523,0.005329,0.000206787,0.00604967,0.000372202,2.05481,3,1.90122,2.3385,0,0.000165415,-12.2639,2.3385,3.31581,0.268275,0.709035,0
144,24,3456,12.05,23565.6,-7.9,1.5,2.14,4.94665,12,38924,0.82,100,2.86519,-0.000105306,1,2.05865,0,0.000720665,0,0.005329,0,0.00604967,-0.000105306,2.0547,3,1.90122,2.3385,0,-0.000105306,-12.2644,2.3385,2.75726,-0.170788,0.589544,0
145,24,3480,12.05,23704.8,-5.8,1.5,2.14,4.94678,12,38924,0.82,100,2.86514,-0.000460561,1,2.05819,0,0.000720665,0,0.005329,0,0.00604967,-0.000460561,2.05424,3,1.90122,2.3385,0,-0.000460561,-12.2638,2.3385,2.02441,-0.746953,0.432861,0
146,24,3504,12.05,23853.6,-6.2,1.5,2.14,4.94732,12,38924,0.82,100,2.86493,-0.000392842,1,2.0578,0,0.000720665,0,0.005329,0,0.00604967,-0.000392842,2.05385,3,1.90122,2.3385,0,-0.000392842,-12.2629,2.3385,2.16417,-0.637124,0.462796,0
147,24,3528,12.05,24021.6,-7,1.5,2.14,4.94779,12,38924,0.82,100,2.86474,-0.000257449,1,2.05754,0,0.000720665,0,0.005329,0,0.00604967,-0.000257449,2.05359,3,1.90122,2.3385,0,-0.000257449,-12.2623,2.3385,2.44355,-0.417539,0.522589,0
148,24,3552,12.05,24326.4,-12.7,1.5,2.14,4.94809,12,38924,0.82,100,2.86462,0.000706907,1,2.05825,2.6772e-05,0.000747437,0.000268147,0.00559715,0.000294919,0.00634459,0.00100183,2.05459,3,1.90122,2.3385,0,0.000706907,-12.2627,2.3385,4.43314,1.14649,0.94815,0
149,24,3576,12.05,24784.8,-19.1,1.5,2.14,4.9469,12,38924,0.82,100,2.86509,0.00178917,1,2.06004,6.77594e-05,0.000815196,0.000403079,0.00600023,0.000470838,0.00681543,0.00226001,2.05685,3,1.90122,2.3385,0,0.00178917,-12.2658,2.3385,6.66549,2.90173,1.42526,0
150,24,3600,12.05,25252.8,-19.5,1.5,2.14,4.94422,12,38924,0.82,100,2.86613,0.0018561,1,2.06189,7.02941e-05,0.00088549,0.000411144,0.00641137,0.000481438,0.00729686,0.00233754,2.05919,3,1.90122,2.3385,0,0.0018561,-12.2704,2.3385,6.80256,3.01028,1.45378,0
151,24,3624,12.05,25905.6,-27.2,1.5,2.14,4.94145,12,38924,0.82,100,2.86722,0.00315685,1,2.06505,0.000119556,0.00100505,0.000572895,0.00698427,0.000692451,0.00798932,0.0038493,2.06304,3,1.90122,2.3385,0,0.00315685,-12.2763,2.3385,9.48411,5.11989,2.02572,0
152,24,3648,12.05,26558.4,-27.2,1.5,2.14,4.93689,12,38924,0.76,100,2.86901,0.00326061,1,2.06831,0.000123486,0.00112853,0.000572004,0.00755627,0.00069549,0.00868481,0.0039561,2.06699,3,1.90122,2.16739,0,0.00326061,-12.2839,2.16739,9.47812,5.28816,2.02257,0
153,24,3672,12.05,27153.6,-24.8,1.5,2.14,4.9322,12,38924,0.76,100,2.87084,0.00285353,1,2.07116,0.000108069,0.0012366,0.000520722,0.008077,0.000628791,0.0093136,0.00348232,2.07048,3,1.90122,2.16739,0,0.00285353,-12.2914,2.16739,8.63658,4.62795,1.84124,0
154,24,3696,12.05,27465.6,-13,1.5,2.14,4.92808,12,38924,0.76,100,2.87246,0.000859558,1,2.07202,3.25532e-05,0.00126915,0.000272622,0.00834962,0.000305175,0.00961877,0.00116473,2.07164,3,1.90122,2.16739,0,0.000859558,-12.2963,2.16739,4.52542,1.39406,0.963973,0
155,24,3720,12.05,27741.6,-11.5,1.5,2.14,4.9267,12,38924,0.76,100,2.873,0.000606003,1,2.07263,2.29506e-05,0.0012921,0.000241058,0.00859068,0.000264009,0.00988278,0.000870012,2.07251,3,1.90122,2.16739,0,0.000606003,-12.2984,2.16739,4.00259,0.982837,0.852365,0
156,24,3744,12.05,27972,-9.6,1.5,2.14,4.92567,12,38924,0.76,100,2.8734,0.000284995,1,2.07291,1.07933e-05,0.0013029,0.000201166,0.00879184,0.00021196,0.0100947,0.000496954,2.07301,3,1.90122,2.16739,0,0.000284995,-12.2998,2.16739,3.34091,0.462214,0.71131,0
157,24,3768,12.05,28168.8,-8.2,1.5,2.14,4.92509,12,38924,0.76,100,2.87363,4.85053e-05,1,2.07296,1.83699e-06,0.00130474,0.000171799,0.00896364,0.000173636,0.0102684,0.000222141,2.07323,3,1.90122,2.16739,0,4.85053e-05,-12.3005,2.16739,2.85353,0.0786674,0.607468,0
158,24,3792,12.05,28300.8,-5.5,1.5,2.14,4.92482,12,38924,0.76,100,2.87373,-0.000407479,1,2.07255,0,0.00130474,0,0.00896364,0,0.0102684,-0.000407479,2.07282,3,1.90122,2.16739,0,-0.000407479,-12.3005,2.16739,1.91395,-0.660863,0.407428,0
159,24,3816,12.05,28418.4,-4.9,1.5,2.14,4.92531,12,38924,0.76,100,2.87354,-0.000508774,1,2.07205,0,0.00130474,0,0.00896364,0,0.0102684,-0.000508774,2.07231,3,1.90122,2.16739,0,-0.000508774,-12.2996,2.16739,1.70529,-0.825147,0.363043,0
160,24,3840,12.05,28598.4,-7.5,1.5,2.14,4.92591,12,38924,0.76,100,2.8733,-6.96172e-05,1,2.07198,0,0.00130474,0,0.00896364,0,0.0102684,-6.96172e-05,2.07224,3,1.90122,2.16739,0,-6.96172e-05,-12.299,2.16739,2.61026,-0.112908,0.555773,0
161,24,3864,12.05,28776,-7.4,1.5,2.14,4.92599,12,38924,0.76,100,2.87327,-8.64972e-05,1,2.07189,0,0.00130474,0,0.00896364,0,0.0102684,-8.64972e-05,2.07216,3,1.90122,2.16739,0,-8.64972e-05,-12.2988,2.16739,2.57548,-0.140284,0.548379,0
162,24,3888,12.05,29064,-12,1.5,2.14,4.92609,12,38924,0.76,100,2.87323,0.000690348,1,2.07258,2.61449e-05,0.00133088,0.000251486,0.00921513,0.000277631,0.010546,0.000967979,2.07313,3,1.90122,2.16739,0,0.000690348,-12.2994,2.16739,4.17626,1.11963,0.889237,0
163,24,3912,12.05,29196,-5.5,1.5,2.14,4.92495,12,38924,0.76,100,2.87367,-0.000407468,1,2.07217,0,0.00133088,0,0.00921513,0,0.010546,-0.000407468,2.07272,3,1.90122,2.16739,0,-0.000407468,-12.3002,2.16739,1.91399,-0.660845,0.407445,0
164,24,3936,12.05,29335.2,-5.8,1.5,2.14,4.92543,12,38924,0.76,100,2.87348,-0.000356765,1,2.07182,0,0.00133088,0,0.00921513,0,0.010546,-0.000356765,2.07236,3,1.90122,2.16739,0,-0.000356765,-12.2995,2.16739,2.01852,-0.578613,0.429738,0
165,24,3960,12.05,29551.2,-9,1.5,2.14,4.92585,12,38924,0.76,100,2.87332,0.0001837,1,2.072,6.9571e-06,0.00133784,0.000188607,0.00940373,0.000195564,0.0107416,0.000379264,2.07274,3,1.90122,2.16739,0,0.0001837,-12.2993,2.16739,3.13222,0.297931,0.666902,0
166,24,3984,12.05,29923.2,-15.5,1.5,2.14,4.9254,12,38924,0.76,100,2.87349,0.00128121,1,2.07328,4.8522e-05,0.00138636,0.000324745,0.00972848,0.000373267,0.0111148,0.00165448,2.0744,3,1.90122,2.16739,0,0.00128121,-12.3011,2.16739,5.39358,2.07791,1.14828,0
167,24,4008,12.05,30302.4,-15.8,1.5,2.14,4.92345,12,38924,0.76,100,2.87425,0.00133144,1,2.07461,5.04242e-05,0.00143678,0.00033081,0.0100593,0.000381234,0.0114961,0.00171267,2.07611,3,1.90122,2.16739,0,0.00133144,-12.3045,2.16739,5.49648,2.15937,1.16972,0
168,24,4032,12.05,30741.6,-18.3,1.5,2.14,4.92142,12,38924,0.76,100,2.87505,0.00175295,1,2.07637,6.63876e-05,0.00150317,0.000382877,0.0104422,0.000449264,0.0119453,0.00220221,2.07831,3,1.90122,2.16739,0,0.00175295,-12.3083,2.16739,6.3642,2.84299,1.35383,0
169,24,4056,12.05,30892.8,-6.3,1.5,2.14,4.91882,12,38924,0.76,100,2.87607,-0.000272894,1,2.07609,0,0.00150317,0,0.0104422,0,0.0119453,-0.000272894,2.07804,3,1.90122,2.16739,0,-0.000272894,-12.3106,2.16739,2.19054,-0.442588,0.465736,0
170,24,4080,12.05,30955.2,-2.6,1.5,2.14,4.91915,12,38924,0.76,100,2.87594,-0.000897449,1,2.0752,0,0.00150317,0,0.0104422,0,0.0119453,-0.000897449,2.07714,3,1.90122,2.16739,0,-0.000897449,-12.3095,2.16739,0.904118,-1.45551,0.192239,0
171,24,4104,12.05,31015.2,-2.5,1.5,2.14,4.92021,12,38924,0.76,100,2.87552,-0.000914293,1,2.07428,0,0.00150317,0,0.0104422,0,0.0119453,-0.000914293,2.07623,3,1.90122,2.16739,0,-0.000914293,-12.3077,2.16739,0.869472,-1.48283,0.184913,0
172,24,4128,12.05,31022.4,-0.3,1.5,2.14,4.92129,12,38924,0.76,100,2.8751,-0.00128573,1,2.073,0,0.00150317,0,0.0104422,0,0.0119453,-0.00128573,2.07494,3,1.90122,2.16739,0,-0.00128573,-12.3055,2.16739,0.104355,-2.08523,0.0221984,0
173,24,4152,12.05,31051.2,-1.2,1.5,2.14,4.9228,12,38924,0.76,100,2.87449,-0.00113373,1,2.07186,0,0.00150317,0,0.0104422,0,0.0119453,-0.00113373,2.07381,3,1.90122,2.16739,0,-0.00113373,-12.303,2.16739,0.417503,-1.83873,0.0888383,0
174,24,4176,12.05,31065.6,-0.6,1.5,2.14,4.92414,12,38924,0.76,100,2.87396,-0.00123505,1,2.07063,0,0.00150317,0,0.0104422,0,0.0119453,-0.00123505,2.07257,3,1.90122,2.16739,0,-0.00123505,-12.3007,2.16739,0.208792,-2.00304,0.0444398,0
175,24,4200,12.05,31065.6,0.9,1.5,2.14,4.9256,12,38924,0.76,100,2.87339,-0.00148841,1,2.06914,0,0.00150317,0,0.0104422,0,0.0119453,-0.00148841,2.07108,3,1.90122,2.16739,0,-0.00148841,-12.2979,2.16739,-0.313257,-2.41395,-0.0666942,0
176,24,4224,12.05,31128,-2.6,1.5,2.14,4.92736,12,38924,0.76,100,2.87269,-0.00089715,1,2.06824,0,0.00150317,0,0.0104422,0,0.0119453,-0.00089715,2.07019,3,1.90122,2.16739,0,-0.00089715,-12.2956,2.16739,0.90514,-1.45503,0.192778,0
177,24,4248,12.05,31401.6,-11.4,1.5,2.14,4.92842,12,38924,0.76,100,2.87227,0.000589419,1,2.06883,2.23225e-05,0.00152549,0.000239106,0.0106813,0.000261428,0.0122068,0.000850847,2.07104,3,1.90122,2.16739,0,0.000589419,-12.2953,2.16739,3.96879,0.955939,0.845463,0
178,24,4272,12.05,31783.2,-15.9,1.5,2.14,4.92742,12,38924,0.76,100,2.87267,0.00134922,1,2.07018,5.10976e-05,0.00157659,0.000333356,0.0110146,0.000384453,0.0125912,0.00173367,2.07277,3,1.90122,2.16739,0,0.00134922,-12.2977,2.16739,5.53432,2.18821,1.17872,0
179,24,4296,12.05,32138.4,-14.8,1.5,2.14,4.92537,12,38924,0.76,100,2.87347,0.00116304,1,2.07134,4.40468e-05,0.00162064,0.000310082,0.0113247,0.000354129,0.0129453,0.00151717,2.07429,3,1.90122,2.16739,0,0.00116304,-12.3009,2.16739,5.15008,1.88626,1.09643,0
180,24,4320,12.05,32452.8,-13.1,1.5,2.14,4.92358,12,38924,0.76,100,2.87417,0.000875676,1,2.07222,3.31636e-05,0.0016538,0.000274304,0.011599,0.000307468,0.0132528,0.00118314,2.07547,3,1.90122,2.16739,0,0.000875676,-12.3037,2.16739,4.55751,1.4202,0.969921,0
181,24,4344,12.05,32786.4,-13.9,1.5,2.14,4.92218,12,38924,0.76,100,2.87472,0.00101047,1,2.07323,3.82686e-05,0.00169207,0.000290914,0.0118899,0.000329183,0.013582,0.00133965,2.07681,3,1.90122,2.16739,0,0.00101047,-12.3061,2.16739,4.83486,1.63882,1.02865,0
182,24,4368,12.05,33146.4,-15,1.5,2.14,4.9206,12,38924,0.76,100,2.87534,0.00119583,1,2.07442,4.52884e-05,0.00173736,0.000313763,0.0122037,0.000359051,0.013941,0.00155488,2.07837,3,1.90122,2.16739,0,0.00119583,-12.309,2.16739,5.21627,1.93944,1.10944,0
183,24,4392,12.05,33436.8,-12.1,1.5,2.14,4.91876,12,38924,0.7,100,2.87606,0.00081153,1,2.07524,3.07343e-05,0.00176809,0.000252952,0.0124566,0.000283687,0.0142247,0.00109522,2.07946,3,1.90122,1.99628,0,0.00081153,-12.3116,1.99628,4.20687,1.31617,0.894422,0
184,24,4416,12.05,33631.2,-8.1,1.5,2.14,4.91747,12,38924,0.7,100,2.87656,0.000136285,1,2.07537,5.16139e-06,0.00177325,0.000169267,0.0126259,0.000174428,0.0143992,0.000310713,2.07977,3,1.90122,1.99628,0,0.000136285,-12.3131,1.99628,2.81583,0.221032,0.598516,0
185,24,4440,12.05,33782.4,-6.3,1.5,2.14,4.9171,12,38924,0.7,100,2.87671,-0.000167534,1,2.0752,0,0.00177325,0,0.0126259,0,0.0143992,-0.000167534,2.0796,3,1.90122,1.99628,0,-0.000167534,-12.3134,1.99628,2.19003,-0.271712,0.465466,0
186,24,4464,12.05,33823.2,-1.7,1.5,2.14,4.9173,12,38924,0.7,100,2.87663,-0.000943922,1,2.07426,0,0.00177325,0,0.0126259,0,0.0143992,-0.000943922,2.07866,3,1.90122,1.99628,0,-0.000943922,-12.3123,1.99628,0.591015,-1.53088,0.125618,0
187,24,4488,12.05,33844.8,-0.9,1.5,2.14,4.91841,12,38924,0.7,100,2.87619,-0.00107894,1,2.07318,0,0.00177325,0,0.0126259,0,0.0143992,-0.00107894,2.07758,3,1.90122,1.99628,0,-0.00107894,-12.3102,1.99628,0.312942,-1.74987,0.0665298,0
188,24,4512,12.05,33921.6,-3.2,1.5,2.14,4.91969,12,38924,0.7,100,2.87568,-0.000690629,1,2.07249,0,0.00177325,0,0.0126259,0,0.0143992,-0.000690629,2.07689,3,1.90122,1.99628,0,-0.000690629,-12.3085,1.99628,1.11284,-1.12008,0.236646,0
189,24,4536,12.05,33984,-2.6,1.5,2.14,4.9205,12,38924,0.7,100,2.87536,-0.000791892,1,2.0717,0,0.00177325,0,0.0126259,0,0.0143992,-0.000791892,2.0761,3,1.90122,1.99628,0,-0.000791892,-12.307,1.99628,0.904293,-1.28432,0.19233,0
190,24,4560,12.05,33984,1,1.5,2.14,4.92144,12,38924,0.7,100,2.87499,-0.00139974,1,2.0703,0,0.00177325,0,0.0126259,0,0.0143992,-0.00139974,2.0747,3,1.90122,1.99628,0,-0.00139974,-12.3048,1.99628,-0.347867,-2.27015,-0.0740002,0
191,24,4584,12.05,34017.6,-1.4,1.5,2.14,4.92309,12,38924,0.7,100,2.87434,-0.000994447,1,2.06931,0,0.00177325,0,0.0126259,0,0.0143992,-0.000994447,2.0737,3,1.90122,1.99628,0,-0.000994447,-12.3024,1.99628,0.487108,-1.61283,0.103655,0
192,24,4608,12.05,34116,-4.1,1.5,2.14,4.92427,12,38924,0.7,100,2.87387,-0.00053843,1,2.06877,0,0.00177325,0,0.0126259,0,0.0143992,-0.00053843,2.07317,3,1.90122,1.99628,0,-0.00053843,-12.3009,1.99628,1.42671,-0.873243,0.303672,0
193,24,4632,12.05,34168.8,-2.2,1.5,2.14,4.9249,12,38924,0.7,100,2.87362,-0.000859291,1,2.06791,0,0.00177325,0,0.0126259,0,0.0143992,-0.000859291,2.07231,3,1.90122,1.99628,0,-0.000859291,-12.2995,1.99628,0.765638,-1.39363,0.162986,0
194,24,4656,12.05,34192.8,-1,1.5,2.14,4.92592,12,38924,0.7,100,2.87322,-0.00106196,1,2.06685,0,0.00177325,0,0.0126259,0,0.0143992,-0.00106196,2.07124,3,1.90122,1.99628,0,-0.00106196,-12.2975,1.99628,0.348072,-1.72232,0.0741112,0
195,24,4680,12.05,34192.8,2.8,1.5,2.14,4.92717,12,38924,0.7,100,2.87272,-0.00170393,1,2.06514,0,0.00177325,0,0.0126259,0,0.0143992,-0.00170393,2.06954,3,1.90122,1.99628,0,-0.00170393,-12.2948,1.99628,-0.97482,-2.76349,-0.207611,0
196,24,4704,12.05,34192.8,3.8,1.5,2.14,4.92919,12,38924,0.7,100,2.87193,-0.00187299,1,2.06327,0,0.00177325,0,0.0126259,0,0.0143992,-0.00187299,2.06767,3,1.90122,1.99628,0,-0.00187299,-12.2912,1.99628,-1.32336,-3.03768,-0.281955,0
197,24,4728,12.05,34192.8,3.1,1.5,2.14,4.9314,12,38924,0.7,100,2.87105,-0.0017548,1,2.06151,0,0.00177325,0,0.0126259,0,0.0143992,-0.0017548,2.06591,3,1.90122,1.99628,0,-0.0017548,-12.2876,1.99628,-1.0799,-2.84599,-0.230187,0
198,24,4752,12.05,34192.8,2.7,1.5,2.14,4.93348,12,38924,0.7,100,2.87023,-0.00168727,1,2.05983,0,0.00177325,0,0.0126259,0,0.0143992,-0.00168727,2.06423,3,1.90122,1.99628,0,-0.00168727,-12.2841,1.99628,-0.94082,-2.73647,-0.200626,0
199,24,4776,12.05,34192.8,5.4,1.5,2.14,4.93548,12,38924,0.7,100,2.86944,-0.00214385,1,2.05768,0,0.00177325,0,0.0126259,0,0.0143992,-0.00214385,2.06208,3,1.90122,1.99628,0,-0.00214385,-12.2803,1.99628,-1.88223,-3.47697,-0.401541,0
200,24,4800,12.05,34192.8,5.4,1.5,2.14,4.93802,12,38924,0.7,100,2.86844,-0.00214404,1,2.05554,0,0.00177325,0,0.0126259,0,0.0143992,-0.00214404,2.05994,3,1.90122,1.99628,0,-0.00214404,-12.276,1.99628,-1.88289,-3.47728,-0.401888,0
201,24,4824,12.05,34192.8,5.2,1.5,2.14,4.94056,12,38924,0.7,100,2.86744,-0.0021104,1,2.05343,0,0.00177325,0,0.0126259,0,0.0143992,-0.0021104,2.05783,3,1.90122,1.99628,0,-0.0021104,-12.2718,1.99628,-1.81378,-3.42272,-0.387336,0
202,24,4848,12.05,34192.8,4.8,1.5,2.14,4.94306,12,38924,0.7,100,2.86645,-0.00204291,1,2.05139,0,0.00177325,0,0.0126259,0,0.0143992,-0.00204291,2.05578,3,1.90122,1.99628,0,-0.00204291,-12.2676,1.99628,-1.67482,-3.31326,-0.357843,0
203,24,4872,12.05,34192.8,2.6,1.5,2.14,4.94549,12,38924,0.7,100,2.8655,-0.0016708,1,2.04971,0,0.00177325,0,0.0126259,0,0.0143992,-0.0016708,2.05411,3,1.90122,1.99628,0,-0.0016708,-12.2639,1.99628,-0.90747,-2.70977,-0.193986,0
204,24,4896,2.05,34192.8,4.5,0.85,0.77,0,0,3293,0.7,10,2.86365,-0.0197489,1,2.02997,0,0.00177325,0,0.0126259,0,0.0143992,-0.0197489,2.03436,2,1.90122,1.13123,0,-0.0197489,-4.39852,1.13123,-1.57849,-2.70972,-0,0
205,24,4920,2.05,34192.8,3.9,0.85,0.77,0,0,3293,0.7,10,2.838,-0.0183022,1,2.01166,0,0.00177325,0,0.0126259,0,0.0143992,-0.0183022,2.01606,2,1.90122,1.13123,0,-0.0183022,-4.36047,1.13123,-1.37998,-2.51121,-0,0
206,24,4944,2.05,34192.8,4.7,0.85,0.77,0,0,3293,0.7,10,2.81423,-0.0204742,1,1.99119,0,0.00177325,0,0.0126259,0,0.0143992,-0.0204742,1.99559,2,1.90122,1.13123,0,-0.0204742,-4.32169,1.13123,-1.67801,-2.80923,-0,0
207,24,4968,2.05,34192.8,2.1,0.85,0.77,0,0,3293,0.7,10,2.78764,-0.0137526,1,1.97744,0,0.00177325,0,0.0126259,0,0.0143992,-0.0137526,1.98184,2,1.90122,1.13123,0,-0.0137526,-4.28746,1.13123,-0.755745,-1.88697,-0,0
208,24,4992,2.05,34192.8,1.7,0.85,0.77,0,0,3293,0.7,10,2.76978,-0.0127312,1,1.96471,0,0.00177325,0,0.0126259,0,0.0143992,-0.0127312,1.9691,2,1.90122,1.13123,0,-0.0127312,-4.26098,1.13123,-0.615604,-1.74683,-0,0
209,24,5016,2.05,34192.8,1.3,0.85,0.77,0,0,3293,0.7,10,2.75325,-0.0116954,1,1.95301,0,0.00177325,0,0.0126259,0,0.0143992,-0.0116954,1.95741,2,1.90122,1.13123,0,-0.0116954,-4.23655,1.13123,-0.473475,-1.6047,-0,0
210,24,5040,2.05,34192.8,1.9,0.85,0.77,0,0,3293,0.7,10,2.73806,-0.013318,1,1.93969,0,0.00177325,0,0.0126259,0,0.0143992,-0.013318,1.94409,2,1.90122,1.13123,0,-0.013318,-4.21154,1.13123,-0.696121,-1.82735,-0,0
211,24,5064,2.05,34192.8,2.1,0.85,0.77,0,0,3293,0.7,10,2.72076,-0.0138886,1,1.9258,0,0.00177325,0,0.0126259,0,0.0143992,-0.0138886,1.9302,2,1.90122,1.13123,0,-0.0138886,-4.18433,1.13123,-0.774409,-1.90563,-0,0
212,24,5088,2.05,34192.8,1.9,0.85,0.77,0,0,3293,0.7,10,2.70273,-0.0133847,1,1.91242,0,0.00177325,0,0.0126259,0,0.0143992,-0.0133847,1.91682,2,1.90122,1.13123,0,-0.0133847,-4.15706,1.13123,-0.705262,-1.83649,-0,0
213,24,5112,2.05,34192.8,1.1,0.85,0.77,0,0,3293,0.76,10,2.68534,-0.0119454,1,1.90047,0,0.00177325,0,0.0126259,0,0.0143992,-0.0119454,1.90487,2,1.90122,1.22819,0,-0.0119454,-4.13244,1.22819,-0.410818,-1.63901,-0,0
214,24,5136,2.05,34192.8,4.7,0.85,0.77,0,0,3293,0.76,10,2.66983,-0.02185,1,1.87862,0,0.00177325,0,0.0126259,0,0.0143992,-0.02185,1.88302,2,1.90122,1.22819,0,-0.02185,-4.09864,1.22819,-1.76982,-2.998,-0,0
215,24,5160,2.05,34192.8,4.2,0.85,0.77,0,0,3293,0.76,10,2.64145,-0.0205987,1,1.85802,0,0.00177325,0,0.0126259,0,0.0143992,-0.0205987,1.86242,2,1.90122,1.22819,0,-0.0205987,-4.05619,1.22819,-1.59813,-2.82631,-0,0
216,24,5184,2.05,34192.8,5.5,0.85,0.77,0,0,3293,0.76,10,2.6147,-0.0243753,1,1.83365,0,0.00177325,0,0.0126259,0,0.0143992,-0.0243753,1.83805,2,1.90122,1.22819,0,-0.0243753,-4.01122,1.22819,-2.1163,-3.34449,-0,0
217,24,5208,2.05,34192.8,10.3,0.85,0.77,0,0,3293,0.76,10,2.58305,-0.0382957,1,1.79535,0,0.00177325,0,0.0126259,0,0.0143992,-0.0382957,1.79975,2,1.90122,1.22819,0,-0.0382957,-3.94855,1.22819,-4.0263,-5.25449,-0,0
218,24,5232,2.05,34192.8,7.6,0.85,0.77,0,0,3293,0.76,10,2.53331,-0.0309911,1,1.76436,0,0.00177325,0,0.0126259,0,0.0143992,-0.0309911,1.76876,2,1.90122,1.22819,0,-0.0309911,-3.87926,1.22819,-3.02405,-4.25224,-0,0
219,24,5256,2.05,34192.8,8.1,0.85,0.77,0,0,3293,0.76,10,2.49306,-0.0328349,1,1.73153,0,0.00177325,0,0.0126259,0,0.0143992,-0.0328349,1.73593,2,1.90122,1.22819,0,-0.0328349,-3.81543,1.22819,-3.27704,-4.50523,-0,0
220,24,5280,2.05,34192.8,12.1,0.85,0.77,0,0,3293,0.76,10,2.45042,-0.0453778,1,1.68615,0,0.00177325,0,0.0126259,0,0.0143992,-0.0453778,1.69055,2,1.90122,1.22819,0,-0.0453778,-3.73722,1.22819,-4.99803,-6.22622,-0,0
221,24,5304,2.05,34192.8,15,0.85,0.77,0,0,3293,0.76,10,2.39149,-0.0553622,1,1.63079,0,0.00177325,0,0.0126259,0,0.0143992,-0.0553622,1.63519,2,1.90122,1.22819,0,-0.0553622,-3.63648,1.22819,-6.36797,-7.59616,-0,0
222,24,5328,2.05,34192.8,14.7,0.85,0.77,0,0,3293,0.76,10,2.31959,-0.0558728,1,1.57491,0,0.00177325,0,0.0126259,0,0.0143992,-0.0558728,1.57931,2,1.90122,1.22819,0,-0.0558728,-3.52525,1.22819,-6.43803,-7.66621,-0,0
223,24,5352,2.05,34192.8,6.3,0.85,0.77,0,0,3293,0.76,10,2.24703,-0.0295612,1,1.54535,0,0.00177325,0,0.0126259,0,0.0143992,-0.0295612,1.54975,2,1.90122,1.22819,0,-0.0295612,-3.43981,1.22819,-2.82786,-4.05605,-0,0
224,24,5376,2.05,34192.8,10.8,0.85,0.77,0,0,3293,0.76,10,2.20864,-0.0450683,1,1.50029,0,0.00177325,0,0.0126259,0,0.0143992,-0.0450683,1.50468,2,1.90122,1.22819,0,-0.0450683,-3.36518,1.22819,-4.95556,-6.18375,-0,0
225,24,5400,2.05,34192.8,13.6,0.85,0.77,0,0,3293,0.76,10,2.15011,-0.0558418,1,1.44444,0,0.00177325,0,0.0126259,0,0.0143992,-0.0558418,1.44884,2,1.90122,1.22819,0,-0.0558418,-3.26427,1.22819,-6.43377,-7.66196,-0,0
226,24,5424,2.05,34192.8,15.4,0.85,0.77,0,0,3293,0.76,10,2.07758,-0.0640787,1,1.38036,0,0.00177325,0,0.0126259,0,0.0143992,-0.0640787,1.38476,2,1.90122,1.22819,0,-0.0640787,-3.14435,1.22819,-7.56394,-8.79213,-0,0
227,24,5448,2.05,34192.8,14.7,0.85,0.77,0,0,3293,0.76,10,1.99437,-0.0638106,1,1.31655,0,0.00177325,0,0.0126259,0,0.0143992,-0.0638106,1.32095,2,1.90122,1.22819,0,-0.0638106,-3.01646,1.22819,-7.52715,-8.75534,-0,0
228,24,5472,2.05,34192.8,6.1,0.85,0.77,0,0,3293,0.76,10,1.91149,-0.0324689,1,1.28409,0,0.00177325,0,0.0126259,0,0.0143992,-0.0324689,1.28848,2,1.90122,1.22819,0,-0.0324689,-2.92018,1.22819,-3.22681,-4.455,-0,0
229,24,5496,2.05,34192.8,5.2,0.85,0.77,0,0,3293,0.76,10,1.86933,-0.0294346,1,1.25465,0,0.00177325,0,0.0126259,0,0.0143992,-0.0294346,1.25905,2,1.90122,1.22819,0,-0.0294346,-2.85828,1.22819,-2.81049,-4.03867,-0,0
230,24,5520,2.05,34192.8,6.5,0.85,0.77,0,0,3293,0.76,10,1.8311,-0.0351493,1,1.2195,0,0.00177325,0,0.0126259,0,0.0143992,-0.0351493,1.2239,2,1.90122,1.22819,0,-0.0351493,-2.7937,1.22819,-3.59458,-4.82277,-0,0
231,24,5544,1.25,34192.8,8.8,0.72,0.67,0,0,3644,0.76,11,1.77954,-0.0399765,1,1.17952,0,0.00177325,0,0.0126259,0,0.0143992,-0.0399765,1.18392,1,1.90122,1.04035,0,-0.0399765,-2.35146,1.04035,-5.02941,-6.06976,-0,0
232,24,5568,1.25,34192.8,11.7,0.72,0.67,0,0,3644,0.76,11,1.71987,-0.0527051,1,1.12682,0,0.00177325,0,0.0126259,0,0.0143992,-0.0527051,1.13122,1,1.90122,1.04035,0,-0.0527051,-2.25878,1.04035,-6.96204,-8.00239,-0,0
233,24,5592,1.25,34192.8,14.5,0.72,0.67,0,0,3644,0.76,11,1.64121,-0.066865,1,1.05995,0,0.00177325,0,0.0126259,0,0.0143992,-0.066865,1.06435,1,1.90122,1.04035,0,-0.066865,-2.13921,1.04035,-9.11199,-10.1523,-0,0
234,24,5616,1.25,34192.8,9.5,0.72,0.67,0,0,3644,0.76,11,1.54141,-0.048418,1,1.01154,0,0.00177325,0,0.0126259,0,0.0143992,-0.048418,1.01594,1,1.90122,1.04035,0,-0.048418,-2.02392,1.04035,-6.31113,-7.35147,-0,0
235,24,5640,1.25,34192.8,10.4,0.72,0.67,0,0,3644,0.76,11,1.46915,-0.0548103,1,0.956726,0,0.00177325,0,0.0126259,0,0.0143992,-0.0548103,0.961126,1,1.90122,1.04035,0,-0.0548103,-1.9207,1.04035,-7.28168,-8.32203,-0,0
236,24,5664,1.25,34192.8,13.7,0.72,0.67,0,0,3644,0.76,11,1.38734,-0.0746098,1,0.882117,0,0.00177325,0,0.0126259,0,0.0143992,-0.0746098,0.886516,1,1.90122,1.04035,0,-0.0746098,-1.79128,1.04035,-10.2879,-11.3283,-0,0
237,24,5688,1.25,34192.8,12.9,0.72,0.67,0,0,3644,0.76,11,1.27598,-0.0765584,1,0.805558,0,0.00177325,0,0.0126259,0,0.0143992,-0.0765584,0.809957,1,1.90122,1.04035,0,-0.0765584,-1.64011,1.04035,-10.5838,-11.6241,-0,0
238,24,5712,1.25,34192.8,11,0.72,0.67,0,0,3644,0.76,11,1.16171,-0.0722501,1,0.733308,0,0.00177325,0,0.0126259,0,0.0143992,-0.0722501,0.737707,1,1.90122,1.04035,0,-0.0722501,-1.4913,1.04035,-9.92962,-10.97,-0,0
239,24,5736,1.25,34192.8,15,0.72,0.67,0,0,3644,0.76,11,1.05388,-0.108387,1,0.624922,0,0.00177325,0,0.0126259,0,0.0143992,-0.108387,0.629321,1,1.90122,1.04035,0,-0.108387,-1.31066,1.04035,-15.4163,-16.4567,-0,0
240,24,5760,1.25,34192.8,16.9,0.72,0.67,0,0,3644,0.76,11,0.892108,-0.149446,1,0.475476,0,0.00177325,0,0.0126259,0,0.0143992,-0.149446,0.479875,1,1.90122,1.04035,0,-0.149446,-1.05283,1.04035,-21.6505,-22.6909,-0,0
241,24,5784,0.55,34192.8,14.3,0.75,0.71,0,0,1412,0.76,4,0.675321,-0.378337,0,0.0971386,0,0.00177325,0,0.0126259,0,0.0143992,-0.378337,0.101538,0,1.90122,1.0837,0,-0.378337,nan,1.0837,-34.9731,-22.2588,-0,0
242,24,5808,0.55,34192.8,15.5,0.75,0.71,0,0,1412,0.76,4,0.142452,-1.86786,0,0.01,0,0.00177325,0,0.0126259,0,0.0143992,-1.86786,0,0,1.90122,1.0837,0,-1.86786,nan,1.0837,13.2146,-109.893,0,0
243,24,5832,0.55,34192.8,16.3,0.75,0.71,0,0,1412,0.76,4,0.0197211,-14.067,0,0.01,0,0.00177325,0,0.0126259,0,0.0143992,-14.067,0,0,1.90122,1.0837,0,-14.067,nan,1.0837,1.64869,-827.611,0,0
